Github Ranking,Total Ranking,login,noncode%,code%,total%
1,1,mbostock,35.732,72.537,108.269
2,2,jasondavies,1.68,18.246,19.926
3,5,kitmonisit,0.0,1.176,1.176
4,3,Fil,1.179,1.035,2.214
5,9,27359794,0.0,0.635,0.635
6,19,larskotthoff,0.0,0.259,0.259
7,8,natevw,0.451,0.259,0.71
8,20,yasirs,0.0,0.259,0.259
9,28,square-build-bot,0.0,0.212,0.212
10,41,jheer,0.0,0.188,0.188
11,40,leodutra,0.0,0.188,0.188
12,39,scottcheng,0.0,0.188,0.188
13,52,mrcarlosrendon,0.0,0.165,0.165
14,51,NelsonMinar,0.0,0.165,0.165
15,50,webmonarch,0.0,0.165,0.165
16,71,hlvoorhees,0.0,0.141,0.141
17,70,trevnorris,0.0,0.141,0.141
18,38,dandv,0.075,0.118,0.193
19,91,pjjw,0.0,0.118,0.118
20,4,curran,1.906,0.094,2.0
21,69,mrblueblue,0.05,0.094,0.14400000000000002
22,89,snoble,0.025,0.094,0.119
23,90,jfirebaugh,0.025,0.094,0.119
24,11,splendido,0.401,0.094,0.495
25,68,dwt,0.075,0.071,0.146
26,256,zenmoto,0.0,0.071,0.071
27,248,alexmacy,0.0,0.071,0.071
28,255,trinary,0.0,0.071,0.071
29,253,iterion,0.0,0.071,0.071
30,249,kmindi,0.0,0.071,0.071
31,250,jisaacks,0.0,0.071,0.071
32,251,tbranyen,0.0,0.071,0.071
33,254,notlion,0.0,0.071,0.071
34,252,GerHobbelt,0.0,0.071,0.071
35,551,caged,0.0,0.047,0.047
36,550,denisname,0.0,0.047,0.047
37,552,clkao,0.0,0.047,0.047
38,542,pelson,0.0,0.047,0.047
39,549,dorotka,0.0,0.047,0.047
40,548,vanshady,0.0,0.047,0.047
41,555,adnan-wahab,0.0,0.047,0.047
42,554,davelandry,0.0,0.047,0.047
43,553,johan,0.0,0.047,0.047
44,547,jonseymour,0.0,0.047,0.047
45,546,serhalp,0.0,0.047,0.047
46,545,xaviershay,0.0,0.047,0.047
47,544,wilg,0.0,0.047,0.047
48,543,timmywil,0.0,0.047,0.047
49,88,deanmalmgren,0.075,0.047,0.122
50,243,askmike,0.025,0.047,0.07200000000000001
51,246,cvrebert,0.025,0.047,0.07200000000000001
52,541,jaredly,0.0,0.047,0.047
53,540,guybedford,0.0,0.047,0.047
54,539,asuth,0.0,0.047,0.047
55,538,stuglaser,0.0,0.047,0.047
56,87,arjenvanoostrum,0.075,0.047,0.122
57,247,ZJONSSON,0.025,0.047,0.07200000000000001
58,245,biovisualize,0.025,0.047,0.07200000000000001
59,244,e-,0.025,0.047,0.07200000000000001
60,534,tmcw,0.025,0.024,0.049
61,531,mpersing,0.025,0.024,0.049
62,532,ilyabo,0.025,0.024,0.049
63,533,vladh,0.025,0.024,0.049
64,241,rbu,0.05,0.024,0.07400000000000001
65,535,tpreusse,0.025,0.024,0.049
66,536,mauromelis,0.025,0.024,0.049
67,240,Dev-Lan,0.05,0.024,0.07400000000000001
68,242,Alex--wu,0.05,0.024,0.07400000000000001
69,239,eglassman,0.05,0.024,0.07400000000000001
70,537,jimkang,0.025,0.024,0.049
71,1293,theoreticaLee,0.0,0.024,0.024
72,1289,foolip,0.0,0.024,0.024
73,1323,mserinjane,0.0,0.024,0.024
74,1314,alexandersimoes,0.0,0.024,0.024
75,1315,alon,0.0,0.024,0.024
76,1316,andycjw,0.0,0.024,0.024
77,1317,baerrach,0.0,0.024,0.024
78,1318,bdon,0.0,0.024,0.024
79,1319,danmilon,0.0,0.024,0.024
80,1320,tillberg,0.0,0.024,0.024
81,1321,voidstardb,0.0,0.024,0.024
82,1322,oller,0.0,0.024,0.024
83,1324,zerolinux5,0.0,0.024,0.024
84,1290,stepheneb,0.0,0.024,0.024
85,1325,fabriciotav,0.0,0.024,0.024
86,1326,ffosilva,0.0,0.024,0.024
87,1327,geowa4,0.0,0.024,0.024
88,1328,GerardHundman,0.0,0.024,0.024
89,1329,pgilad,0.0,0.024,0.024
90,1330,ignacioola,0.0,0.024,0.024
91,1331,isaacs,0.0,0.024,0.024
92,1332,jmalonzo,0.0,0.024,0.024
93,1333,jefkoslowski,0.0,0.024,0.024
94,1313,krid,0.0,0.024,0.024
95,1312,radford,0.0,0.024,0.024
96,1311,Freeyorp,0.0,0.024,0.024
97,1310,alexstrat,0.0,0.024,0.024
98,1291,rogerbramon,0.0,0.024,0.024
99,1292,PrajitR,0.0,0.024,0.024
100,138,lukasappelhans,0.075,0.024,0.099
101,1294,pl12133,0.0,0.024,0.024
102,1295,PatrickJS,0.0,0.024,0.024
103,1296,mjackson,0.0,0.024,0.024
104,1297,wcwung,0.0,0.024,0.024
105,1298,tmont,0.0,0.024,0.024
106,1299,william-pan,0.0,0.024,0.024
107,1300,Y--,0.0,0.024,0.024
108,1301,ZeeDev,0.0,0.024,0.024
109,1302,afc163,0.0,0.024,0.024
110,1303,leitzler,0.0,0.024,0.024
111,1304,nikolas,0.0,0.024,0.024
112,1305,patriciaborges,0.0,0.024,0.024
113,1306,ppeterka,0.0,0.024,0.024
114,1307,shilad,0.0,0.024,0.024
115,1308,vthiagu,0.0,0.024,0.024
116,1309,jose-romeu,0.0,0.024,0.024
117,139,micahstubbs,0.075,0.024,0.099
118,1334,zanarmstrong,0.0,0.024,0.024
119,86,stefwalter,0.1,0.024,0.124
120,6,mgold,0.777,0.024,0.801
121,16,gordonwoodhull,0.276,0.024,0.30000000000000004
122,926,anthonypzu,0.025,0.0,0.025
123,933,BairDev,0.025,0.0,0.025
124,932,jodibean,0.025,0.0,0.025
125,931,tschneidereit,0.025,0.0,0.025
126,930,keeganstreet,0.025,0.0,0.025
127,929,adarshhs,0.025,0.0,0.025
128,928,LukaszPawlowski-MS,0.025,0.0,0.025
129,927,gmaclennan,0.025,0.0,0.025
130,924,gpgekko,0.025,0.0,0.025
131,925,conradbm,0.025,0.0,0.025
132,935,jrus,0.025,0.0,0.025
133,923,ram-nallari,0.025,0.0,0.025
134,922,yanhuiDevelopers,0.025,0.0,0.025
135,921,RenatoUtsch,0.025,0.0,0.025
136,920,bartiosze,0.025,0.0,0.025
137,919,ikari-pl,0.025,0.0,0.025
138,918,yandongCoder,0.025,0.0,0.025
139,934,majorye,0.025,0.0,0.025
140,119,iamraffe,0.1,0.0,0.1
141,917,rohithdaka,0.025,0.0,0.025
142,937,protobi,0.025,0.0,0.025
143,952,Beelucky,0.025,0.0,0.025
144,951,seansfkelley,0.025,0.0,0.025
145,950,micha149,0.025,0.0,0.025
146,949,saun4app,0.025,0.0,0.025
147,948,nomi-ramzan,0.025,0.0,0.025
148,947,jamiewaese,0.025,0.0,0.025
149,946,Vanuan,0.025,0.0,0.025
150,945,xrCKN8km6s,0.025,0.0,0.025
151,944,gordonbrander,0.025,0.0,0.025
152,943,paritalavenkat,0.025,0.0,0.025
153,942,tamc,0.025,0.0,0.025
154,941,vanch3d,0.025,0.0,0.025
155,940,xiashuyan,0.025,0.0,0.025
156,939,Machiaweliczny,0.025,0.0,0.025
157,938,jml6m,0.025,0.0,0.025
158,936,jimlynnjulian,0.025,0.0,0.025
159,916,ChristianLopezGonzalez,0.025,0.0,0.025
160,954,gopeter,0.025,0.0,0.025
161,915,jeongraePark,0.025,0.0,0.025
162,896,bas-rustenburg,0.025,0.0,0.025
163,895,robinhouston,0.025,0.0,0.025
164,894,Vishnupriyachirappa,0.025,0.0,0.025
165,893,lanyuechen,0.025,0.0,0.025
166,892,ayushmaan,0.025,0.0,0.025
167,891,YeisonVelez11,0.025,0.0,0.025
168,890,mmakai,0.025,0.0,0.025
169,889,barry-johnson,0.025,0.0,0.025
170,888,ns-1m,0.025,0.0,0.025
171,887,seabird1992,0.025,0.0,0.025
172,886,keltzjd,0.025,0.0,0.025
173,885,chriserickson,0.025,0.0,0.025
174,884,sheshu,0.025,0.0,0.025
175,883,bwestpha,0.025,0.0,0.025
176,882,swergas,0.025,0.0,0.025
177,897,magneticnorth,0.025,0.0,0.025
178,898,Aftabnack,0.025,0.0,0.025
179,899,Frag17,0.025,0.0,0.025
180,908,duccanh0022,0.025,0.0,0.025
181,914,Juan-Baquero,0.025,0.0,0.025
182,913,johnbendi,0.025,0.0,0.025
183,912,trigus00,0.025,0.0,0.025
184,911,artbeglaryan,0.025,0.0,0.025
185,910,slashtu,0.025,0.0,0.025
186,909,vivekdtiwari,0.025,0.0,0.025
187,907,decentralion,0.025,0.0,0.025
188,900,cfremgen,0.025,0.0,0.025
189,906,acauamontiel,0.025,0.0,0.025
190,905,vinimxit,0.025,0.0,0.025
191,904,braingram,0.025,0.0,0.025
192,903,manas271196,0.025,0.0,0.025
193,902,kuanslove,0.025,0.0,0.025
194,901,srhtylmz19,0.025,0.0,0.025
195,953,frogcherry,0.025,0.0,0.025
196,956,qwertie,0.025,0.0,0.025
197,955,moshevds,0.025,0.0,0.025
198,1011,leninmehedy,0.025,0.0,0.025
199,1009,fent,0.025,0.0,0.025
200,1008,ansis,0.025,0.0,0.025
201,1007,bgbrink,0.025,0.0,0.025
202,1006,OndraZizka,0.025,0.0,0.025
203,1005,Ya-Za,0.025,0.0,0.025
204,1004,mehmetavsar,0.025,0.0,0.025
205,1003,jmarks1992,0.025,0.0,0.025
206,1002,sbryfcz,0.025,0.0,0.025
207,1001,mackstann,0.025,0.0,0.025
208,1000,Simonalia,0.025,0.0,0.025
209,999,yasir3k,0.025,0.0,0.025
210,998,jdanilov,0.025,0.0,0.025
211,997,spalger,0.025,0.0,0.025
212,996,toolness,0.025,0.0,0.025
213,995,jarandaf,0.025,0.0,0.025
214,1010,greut,0.025,0.0,0.025
215,1012,ryank109,0.025,0.0,0.025
216,993,darktechsupport,0.025,0.0,0.025
217,1013,bomastudio,0.025,0.0,0.025
218,1028,larsenmtl,0.025,0.0,0.025
219,1027,mmiszy,0.025,0.0,0.025
220,1026,mariusandra,0.025,0.0,0.025
221,1025,mstefaniuk,0.025,0.0,0.025
222,1024,Chris-Eisenhart,0.025,0.0,0.025
223,1023,Tiagoperes,0.025,0.0,0.025
224,1022,kylezeeuwen,0.025,0.0,0.025
225,1021,mkfs,0.025,0.0,0.025
226,1020,wahlatlas,0.025,0.0,0.025
227,1019,ffflabs,0.025,0.0,0.025
228,1018,Usman5900,0.025,0.0,0.025
229,1017,linuss,0.025,0.0,0.025
230,1016,patriziosotgiu,0.025,0.0,0.025
231,1015,alexanthony813,0.025,0.0,0.025
232,1014,kasiarachwal,0.025,0.0,0.025
233,994,jonathanasbell,0.025,0.0,0.025
234,992,turbolent,0.025,0.0,0.025
235,880,mg1075,0.025,0.0,0.025
236,973,kongch,0.025,0.0,0.025
237,971,prachicsa,0.025,0.0,0.025
238,970,dk8996,0.025,0.0,0.025
239,969,kloudd,0.025,0.0,0.025
240,968,jwildfire,0.025,0.0,0.025
241,967,nathanbraddock,0.025,0.0,0.025
242,966,jarmstrong2,0.025,0.0,0.025
243,965,JSilas,0.025,0.0,0.025
244,964,DevinCarlson,0.025,0.0,0.025
245,963,JerryWiltz,0.025,0.0,0.025
246,962,kvcrawford,0.025,0.0,0.025
247,961,maxkoryukov,0.025,0.0,0.025
248,960,AKlaus,0.025,0.0,0.025
249,959,erikodo,0.025,0.0,0.025
250,958,Caster,0.025,0.0,0.025
251,957,josuerocha,0.025,0.0,0.025
252,972,sherryyur,0.025,0.0,0.025
253,974,johnwalley,0.025,0.0,0.025
254,991,codefishh,0.025,0.0,0.025
255,975,vijithassar,0.025,0.0,0.025
256,990,ajainvivek,0.025,0.0,0.025
257,989,ThomHurks,0.025,0.0,0.025
258,988,zeemac76,0.025,0.0,0.025
259,987,swaranan,0.025,0.0,0.025
260,986,bradvogel,0.025,0.0,0.025
261,985,Ludo09,0.025,0.0,0.025
262,984,mael-morel,0.025,0.0,0.025
263,983,eahutchins,0.025,0.0,0.025
264,982,kottmann,0.025,0.0,0.025
265,981,klpn,0.025,0.0,0.025
266,980,aarthi0808,0.025,0.0,0.025
267,979,panickos,0.025,0.0,0.025
268,978,Slavka32,0.025,0.0,0.025
269,977,nolsherry,0.025,0.0,0.025
270,976,Onchman,0.025,0.0,0.025
271,881,uderendi,0.025,0.0,0.025
272,878,YunTaeIl,0.025,0.0,0.025
273,879,parkermalenke,0.025,0.0,0.025
274,784,dfranco,0.025,0.0,0.025
275,782,qian99,0.025,0.0,0.025
276,781,r1m,0.025,0.0,0.025
277,780,cvincent,0.025,0.0,0.025
278,779,mattspaulding,0.025,0.0,0.025
279,778,classiemilio,0.025,0.0,0.025
280,777,ssured,0.025,0.0,0.025
281,776,Manishfoodtechs,0.025,0.0,0.025
282,775,pstanton,0.025,0.0,0.025
283,774,frameworker2019,0.025,0.0,0.025
284,773,FallenRiteMonk,0.025,0.0,0.025
285,772,lastmjs,0.025,0.0,0.025
286,771,DesktopMan,0.025,0.0,0.025
287,770,Bango1999,0.025,0.0,0.025
288,769,geofflancaster,0.025,0.0,0.025
289,768,gunins,0.025,0.0,0.025
290,783,mantri-govind,0.025,0.0,0.025
291,785,LiamKarlMitchell,0.025,0.0,0.025
292,766,stevemao,0.025,0.0,0.025
293,786,liyifei,0.025,0.0,0.025
294,801,jasonbodily,0.025,0.0,0.025
295,800,gryzzly,0.025,0.0,0.025
296,799,chandramouli-sastry,0.025,0.0,0.025
297,798,one2gov,0.025,0.0,0.025
298,797,stikeleathersl,0.025,0.0,0.025
299,796,suresh2018,0.025,0.0,0.025
300,795,fishbar,0.025,0.0,0.025
301,794,ChristyFei,0.025,0.0,0.025
302,793,bumirzakov,0.025,0.0,0.025
303,792,alundiak,0.025,0.0,0.025
304,791,sunwoosf,0.025,0.0,0.025
305,790,mitu-lv,0.025,0.0,0.025
306,789,blaise-io,0.025,0.0,0.025
307,788,jkuntorov,0.025,0.0,0.025
308,787,roscha,0.025,0.0,0.025
309,767,wil93,0.025,0.0,0.025
310,765,bargitta,0.025,0.0,0.025
311,803,arielbk,0.025,0.0,0.025
312,746,DannyDelott,0.025,0.0,0.025
313,744,tandu,0.025,0.0,0.025
314,743,matthew-rister,0.025,0.0,0.025
315,742,veltman,0.025,0.0,0.025
316,741,factormystic,0.025,0.0,0.025
317,740,guilhermesimoes,0.025,0.0,0.025
318,739,SaraChicaD,0.025,0.0,0.025
319,738,andersonDadario,0.025,0.0,0.025
320,737,jdidion,0.025,0.0,0.025
321,736,xuchen81,0.025,0.0,0.025
322,735,usethe4ce,0.025,0.0,0.025
323,734,jcastrov,0.025,0.0,0.025
324,733,fczuardi,0.025,0.0,0.025
325,732,chngl,0.025,0.0,0.025
326,731,JasonAsmk,0.025,0.0,0.025
327,730,rhardih,0.025,0.0,0.025
328,745,ieglonew01f,0.025,0.0,0.025
329,747,Abhi-joshi,0.025,0.0,0.025
330,764,EcutDavid,0.025,0.0,0.025
331,748,Julien-Cousineau,0.025,0.0,0.025
332,763,SquareByte,0.025,0.0,0.025
333,762,subramaniyanan176,0.025,0.0,0.025
334,761,ndobb,0.025,0.0,0.025
335,760,msonnabaum,0.025,0.0,0.025
336,759,nhducit,0.025,0.0,0.025
337,758,zemirco,0.025,0.0,0.025
338,757,Keuluu,0.025,0.0,0.025
339,756,tanyuehan,0.025,0.0,0.025
340,755,lax4mike,0.025,0.0,0.025
341,754,ro-ka,0.025,0.0,0.025
342,753,ecgdeveloper,0.025,0.0,0.025
343,752,jaspervdg,0.025,0.0,0.025
344,751,cozzbie,0.025,0.0,0.025
345,750,interpolack,0.025,0.0,0.025
346,749,lifejuggler,0.025,0.0,0.025
347,802,kalenedrael,0.025,0.0,0.025
348,804,crxgames,0.025,0.0,0.025
349,1030,nrabinowitz,0.025,0.0,0.025
350,860,jmarca,0.025,0.0,0.025
351,858,figureone,0.025,0.0,0.025
352,857,blq,0.025,0.0,0.025
353,856,juancampa,0.025,0.0,0.025
354,855,AmyDayday,0.025,0.0,0.025
355,854,mblandfo,0.025,0.0,0.025
356,853,scottosmith,0.025,0.0,0.025
357,852,rushil16,0.025,0.0,0.025
358,851,arnab-dibosh,0.025,0.0,0.025
359,850,roderickm,0.025,0.0,0.025
360,849,nitinanand27,0.025,0.0,0.025
361,848,timruffles,0.025,0.0,0.025
362,847,TaDaa,0.025,0.0,0.025
363,846,Diaskhan,0.025,0.0,0.025
364,845,yfzm01,0.025,0.0,0.025
365,844,ericgj,0.025,0.0,0.025
366,859,notechsolution,0.025,0.0,0.025
367,861,tseiwert19,0.025,0.0,0.025
368,842,pierrebrt,0.025,0.0,0.025
369,862,kileras,0.025,0.0,0.025
370,877,andrioni,0.025,0.0,0.025
371,876,katiepeters,0.025,0.0,0.025
372,875,SamWhitby,0.025,0.0,0.025
373,874,AndrewRayCode,0.025,0.0,0.025
374,873,mckamey,0.025,0.0,0.025
375,872,tkggusraqk,0.025,0.0,0.025
376,871,thesamprice,0.025,0.0,0.025
377,870,afohaghighat,0.025,0.0,0.025
378,869,sjp700,0.025,0.0,0.025
379,868,pekeler,0.025,0.0,0.025
380,867,overstarry,0.025,0.0,0.025
381,866,reppners,0.025,0.0,0.025
382,865,anuragagarwal561994,0.025,0.0,0.025
383,864,fredefox,0.025,0.0,0.025
384,863,Laro88,0.025,0.0,0.025
385,843,Elavarasan83,0.025,0.0,0.025
386,841,robermorales,0.025,0.0,0.025
387,805,cpettitt,0.025,0.0,0.025
388,822,deandob,0.025,0.0,0.025
389,820,mbobra,0.025,0.0,0.025
390,819,hndgzkn,0.025,0.0,0.025
391,818,KaranLala,0.025,0.0,0.025
392,817,izaera,0.025,0.0,0.025
393,816,scameron,0.025,0.0,0.025
394,815,zz85,0.025,0.0,0.025
395,814,chazzmoney,0.025,0.0,0.025
396,813,AjayDevJ,0.025,0.0,0.025
397,812,suman28,0.025,0.0,0.025
398,811,Hanor,0.025,0.0,0.025
399,810,carlos-gva,0.025,0.0,0.025
400,809,AyanGhatak,0.025,0.0,0.025
401,808,rishi2893,0.025,0.0,0.025
402,807,chenkangcrack,0.025,0.0,0.025
403,806,joesavage,0.025,0.0,0.025
404,821,JamesMcGuigan,0.025,0.0,0.025
405,823,LucidityDesign,0.025,0.0,0.025
406,840,mike-ward,0.025,0.0,0.025
407,824,ashutoshjha1409,0.025,0.0,0.025
408,839,jorgecarleitao,0.025,0.0,0.025
409,838,hyunkim9123,0.025,0.0,0.025
410,837,nkabrown,0.025,0.0,0.025
411,836,jbblanchet,0.025,0.0,0.025
412,835,dabwali312,0.025,0.0,0.025
413,834,brutalcrozt,0.025,0.0,0.025
414,833,skhilko,0.025,0.0,0.025
415,832,maheshsenni,0.025,0.0,0.025
416,831,VividD,0.025,0.0,0.025
417,830,explunit,0.025,0.0,0.025
418,829,orikoon,0.025,0.0,0.025
419,828,j0hnsmith,0.025,0.0,0.025
420,827,jmalvarezvano,0.025,0.0,0.025
421,826,kriede,0.025,0.0,0.025
422,825,awelch83,0.025,0.0,0.025
423,1029,tdc-studio,0.025,0.0,0.025
424,1031,199600375707,0.025,0.0,0.025
425,728,toddknick82,0.025,0.0,0.025
426,1238,ManhQLe,0.025,0.0,0.025
427,1236,xuxiaoqiang33,0.025,0.0,0.025
428,1235,MvCraK,0.025,0.0,0.025
429,1234,syairazi,0.025,0.0,0.025
430,1233,cilphex,0.025,0.0,0.025
431,1232,stereobooster,0.025,0.0,0.025
432,1231,clementprdhomme,0.025,0.0,0.025
433,1230,whitequark,0.025,0.0,0.025
434,1229,sylvinus,0.025,0.0,0.025
435,1228,durvesh09,0.025,0.0,0.025
436,1227,brett-miller,0.025,0.0,0.025
437,1226,mhebrard,0.025,0.0,0.025
438,1225,timerickson,0.025,0.0,0.025
439,1224,thomasvanlankveld,0.025,0.0,0.025
440,1223,emepyc,0.025,0.0,0.025
441,1222,oscarmorrison,0.025,0.0,0.025
442,1237,vanderlee,0.025,0.0,0.025
443,1239,kylebrandt,0.025,0.0,0.025
444,1220,danjenson,0.025,0.0,0.025
445,1240,aboutaaron,0.025,0.0,0.025
446,1255,dsiah,0.025,0.0,0.025
447,1254,srikarbobbiganipalli,0.025,0.0,0.025
448,1253,furufors,0.025,0.0,0.025
449,1252,Kaszanas,0.025,0.0,0.025
450,1251,manju-reddys,0.025,0.0,0.025
451,1250,DoParkEQ,0.025,0.0,0.025
452,1249,davidjmcclelland,0.025,0.0,0.025
453,1248,Robot0111,0.025,0.0,0.025
454,1247,maxyeg,0.025,0.0,0.025
455,1246,akhr,0.025,0.0,0.025
456,1245,THordeq,0.025,0.0,0.025
457,1244,sranisback,0.025,0.0,0.025
458,1243,apallav,0.025,0.0,0.025
459,1242,jdylanstewart,0.025,0.0,0.025
460,1241,semi-automatique,0.025,0.0,0.025
461,1221,adilyalcin,0.025,0.0,0.025
462,1219,lener1987,0.025,0.0,0.025
463,1257,SRachamim,0.025,0.0,0.025
464,1200,robbiesmith,0.025,0.0,0.025
465,1198,Vaibhavs10,0.025,0.0,0.025
466,1197,klark6130,0.025,0.0,0.025
467,1196,zbyztl,0.025,0.0,0.025
468,1195,ameyms,0.025,0.0,0.025
469,1194,kishorjadhav,0.025,0.0,0.025
470,1193,hyperboreans,0.025,0.0,0.025
471,1192,bjkomer,0.025,0.0,0.025
472,1191,ikriv,0.025,0.0,0.025
473,1190,proehlen,0.025,0.0,0.025
474,1189,rummelsworth,0.025,0.0,0.025
475,1188,zyphlar,0.025,0.0,0.025
476,1187,jhamon,0.025,0.0,0.025
477,1186,fudanglp,0.025,0.0,0.025
478,1185,vistart,0.025,0.0,0.025
479,1184,jay941,0.025,0.0,0.025
480,1199,kidsit,0.025,0.0,0.025
481,1201,syoels,0.025,0.0,0.025
482,1218,thoukir,0.025,0.0,0.025
483,1202,nihey,0.025,0.0,0.025
484,1217,blankdots,0.025,0.0,0.025
485,1216,Xarrow,0.025,0.0,0.025
486,1215,baaxten,0.025,0.0,0.025
487,1214,blakeelias,0.025,0.0,0.025
488,1213,hariroshan,0.025,0.0,0.025
489,1212,RobMayer,0.025,0.0,0.025
490,1211,danielstern,0.025,0.0,0.025
491,1210,zacwitte,0.025,0.0,0.025
492,1209,nicrizzo,0.025,0.0,0.025
493,1208,thracian2015,0.025,0.0,0.025
494,1207,akre54,0.025,0.0,0.025
495,1206,ssbunny,0.025,0.0,0.025
496,1205,daviestar,0.025,0.0,0.025
497,1204,geriux,0.025,0.0,0.025
498,1203,BigAlInTheHouse,0.025,0.0,0.025
499,1256,john-clarke,0.025,0.0,0.025
500,1258,MeterSoft,0.025,0.0,0.025
501,1032,chenjsh36,0.025,0.0,0.025
502,31,tristanreid,0.201,0.0,0.201
503,33,seiyria,0.201,0.0,0.201
504,34,andreasplesch,0.201,0.0,0.201
505,35,colinmegill,0.201,0.0,0.201
506,36,jnm2,0.201,0.0,0.201
507,37,mindrones,0.201,0.0,0.201
508,42,iyogeshjoshi,0.176,0.0,0.176
509,43,trusktr,0.176,0.0,0.176
510,44,CrandellWS,0.176,0.0,0.176
511,45,fresheneesz,0.176,0.0,0.176
512,46,l00mi,0.176,0.0,0.176
513,47,syntagmatic,0.176,0.0,0.176
514,48,flying-sheep,0.176,0.0,0.176
515,49,Ledragon,0.176,0.0,0.176
516,53,cmal,0.15,0.0,0.15
517,54,sandangel,0.15,0.0,0.15
518,32,jerryz1982,0.201,0.0,0.201
519,30,antonioaltamura,0.201,0.0,0.201
520,56,jimaek,0.15,0.0,0.15
521,29,SpencerCarstens,0.201,0.0,0.201
522,7,Devinsuit,0.727,0.0,0.727
523,10,ghost,0.552,0.0,0.552
524,12,IPWright83,0.476,0.0,0.476
525,13,cool-Blue,0.401,0.0,0.401
526,14,shawnbot,0.401,0.0,0.401
527,15,ericsoco,0.301,0.0,0.301
528,17,wholevinski,0.276,0.0,0.276
529,18,srcspider,0.276,0.0,0.276
530,21,tomwanzek,0.251,0.0,0.251
531,22,TheLarkInn,0.251,0.0,0.251
532,23,Rich-Harris,0.226,0.0,0.226
533,24,ocombe,0.226,0.0,0.226
534,25,Loksly,0.226,0.0,0.226
535,26,altocumulus,0.226,0.0,0.226
536,27,ColinEberhardt,0.226,0.0,0.226
537,55,mizzao,0.15,0.0,0.15
538,57,barrybecker4,0.15,0.0,0.15
539,1259,jhnns,0.025,0.0,0.025
540,1276,urbanhop,0.025,0.0,0.025
541,1274,PatrickKing,0.025,0.0,0.025
542,1273,shripadk,0.025,0.0,0.025
543,1272,GaryRogers,0.025,0.0,0.025
544,1271,yonimor,0.025,0.0,0.025
545,1270,bm-w,0.025,0.0,0.025
546,1269,my1stcar,0.025,0.0,0.025
547,1268,okanthony,0.025,0.0,0.025
548,1267,ameya98,0.025,0.0,0.025
549,1266,Sumbera,0.025,0.0,0.025
550,1265,jmsrpp,0.025,0.0,0.025
551,1264,pravi,0.025,0.0,0.025
552,1263,maychan111,0.025,0.0,0.025
553,1262,oguzhanogreden,0.025,0.0,0.025
554,1261,similiarforce,0.025,0.0,0.025
555,1260,fkitty,0.025,0.0,0.025
556,1275,eduardoperez2151,0.025,0.0,0.025
557,1277,kennetpostigo,0.025,0.0,0.025
558,58,likwifi,0.15,0.0,0.15
559,1278,wasimikukwa,0.025,0.0,0.025
560,59,JaishriMahajan,0.15,0.0,0.15
561,60,yach7,0.15,0.0,0.15
562,61,altsheets,0.15,0.0,0.15
563,62,ronycohen,0.15,0.0,0.15
564,63,ramtob,0.15,0.0,0.15
565,1288,linusaurus,0.025,0.0,0.025
566,1287,protectecho,0.025,0.0,0.025
567,1286,Sundarcj,0.025,0.0,0.025
568,1285,WuglyakBolgoink,0.025,0.0,0.025
569,1284,SalahAdDin,0.025,0.0,0.025
570,1283,lyrachord,0.025,0.0,0.025
571,1282,RaghavK16,0.025,0.0,0.025
572,1281,cnweibo,0.025,0.0,0.025
573,1280,shapovalovts,0.025,0.0,0.025
574,1279,piq9117,0.025,0.0,0.025
575,1183,zrudzionis,0.025,0.0,0.025
576,1182,morocarlo,0.025,0.0,0.025
577,1181,medeirosrich,0.025,0.0,0.025
578,1087,emeeks,0.025,0.0,0.025
579,1085,kerryrodden,0.025,0.0,0.025
580,1084,gtsop,0.025,0.0,0.025
581,1083,Nagaraju-Pateti,0.025,0.0,0.025
582,1082,jbruchanov,0.025,0.0,0.025
583,1081,sanketnagdive,0.025,0.0,0.025
584,1080,ClashTheBunny,0.025,0.0,0.025
585,1079,sdimi,0.025,0.0,0.025
586,1078,bjedrzejewski,0.025,0.0,0.025
587,1077,robertperez1848,0.025,0.0,0.025
588,1076,chrissound,0.025,0.0,0.025
589,1075,jasonhealy,0.025,0.0,0.025
590,1074,scola84,0.025,0.0,0.025
591,1073,serdaradali,0.025,0.0,0.025
592,1072,mwdchang,0.025,0.0,0.025
593,1071,bensiron,0.025,0.0,0.025
594,1086,dexygen,0.025,0.0,0.025
595,1088,Ankit-Bhatia,0.025,0.0,0.025
596,1069,kbrock,0.025,0.0,0.025
597,1089,nileshtrivedi,0.025,0.0,0.025
598,1104,pgrm,0.025,0.0,0.025
599,1103,lulingar,0.025,0.0,0.025
600,1102,AntonioGiovanniSchiavone,0.025,0.0,0.025
601,1101,nhhockeyplayer,0.025,0.0,0.025
602,1100,cayetana,0.025,0.0,0.025
603,1099,ansman,0.025,0.0,0.025
604,1098,justinjhendrick,0.025,0.0,0.025
605,1097,stevenleeg,0.025,0.0,0.025
606,1096,DavidBruant,0.025,0.0,0.025
607,1095,StoneCypher,0.025,0.0,0.025
608,1094,maxkostow,0.025,0.0,0.025
609,1093,arusakov,0.025,0.0,0.025
610,1092,kthotav,0.025,0.0,0.025
611,1091,roveo,0.025,0.0,0.025
612,1090,leonhooijer,0.025,0.0,0.025
613,1070,kevinsigwart,0.025,0.0,0.025
614,1068,SupervisionT,0.025,0.0,0.025
615,1180,hotwenlw,0.025,0.0,0.025
616,1049,ericucsc,0.025,0.0,0.025
617,1047,Pringels,0.025,0.0,0.025
618,1046,defhc21,0.025,0.0,0.025
619,1045,couchand,0.025,0.0,0.025
620,1044,greim,0.025,0.0,0.025
621,1043,kwoxer,0.025,0.0,0.025
622,1042,Salma7amed,0.025,0.0,0.025
623,1041,oczjack,0.025,0.0,0.025
624,1040,rodighiero,0.025,0.0,0.025
625,1039,gustavderdrache,0.025,0.0,0.025
626,1038,maxcell,0.025,0.0,0.025
627,1037,sfwinners2014,0.025,0.0,0.025
628,1036,kocokolo,0.025,0.0,0.025
629,1035,p3k,0.025,0.0,0.025
630,1034,sebailfico,0.025,0.0,0.025
631,1033,janryWang,0.025,0.0,0.025
632,1048,mayaa6,0.025,0.0,0.025
633,1050,isaacl,0.025,0.0,0.025
634,1067,wim82,0.025,0.0,0.025
635,1051,gbrath,0.025,0.0,0.025
636,1066,Sergio747,0.025,0.0,0.025
637,1065,vmeng,0.025,0.0,0.025
638,1064,abrahamdu,0.025,0.0,0.025
639,1063,courajs,0.025,0.0,0.025
640,1062,robertlagrant,0.025,0.0,0.025
641,1061,isaomatsunami,0.025,0.0,0.025
642,1060,Serjohn27,0.025,0.0,0.025
643,1059,tareqnagi,0.025,0.0,0.025
644,1058,gghh,0.025,0.0,0.025
645,1057,MadhuNandi,0.025,0.0,0.025
646,1056,imanhodjaev,0.025,0.0,0.025
647,1055,maximaxi131,0.025,0.0,0.025
648,1054,Mike-Honey,0.025,0.0,0.025
649,1053,shijocj,0.025,0.0,0.025
650,1052,sym3tri,0.025,0.0,0.025
651,1105,ajgreenb,0.025,0.0,0.025
652,1106,rushijogle,0.025,0.0,0.025
653,1107,swizzley,0.025,0.0,0.025
654,1162,marco25d,0.025,0.0,0.025
655,1160,the-jxc,0.025,0.0,0.025
656,1159,saibier,0.025,0.0,0.025
657,1158,estekhin,0.025,0.0,0.025
658,1157,johanrd,0.025,0.0,0.025
659,1156,rubenv,0.025,0.0,0.025
660,1155,mitchdenny,0.025,0.0,0.025
661,1154,mathiasbynens,0.025,0.0,0.025
662,1153,RazumO,0.025,0.0,0.025
663,1152,chiara35,0.025,0.0,0.025
664,1151,ZephD,0.025,0.0,0.025
665,1150,subsci,0.025,0.0,0.025
666,1149,Thj007,0.025,0.0,0.025
667,1148,sgratzl,0.025,0.0,0.025
668,1147,christophe-g,0.025,0.0,0.025
669,1146,jbmusso,0.025,0.0,0.025
670,1161,r0b-,0.025,0.0,0.025
671,1163,joshua-golub,0.025,0.0,0.025
672,1108,ChALkeR,0.025,0.0,0.025
673,1164,braunagn,0.025,0.0,0.025
674,1179,ericfrigot,0.025,0.0,0.025
675,1178,sathishvikkas,0.025,0.0,0.025
676,1177,0Ams,0.025,0.0,0.025
677,1176,sfinktah,0.025,0.0,0.025
678,1175,willsmythe,0.025,0.0,0.025
679,1174,xshaka,0.025,0.0,0.025
680,1173,jipexu,0.025,0.0,0.025
681,1172,nathancahill,0.025,0.0,0.025
682,1171,apoorvnandan,0.025,0.0,0.025
683,1170,pogilvie,0.025,0.0,0.025
684,1169,256dpi,0.025,0.0,0.025
685,1168,priikone,0.025,0.0,0.025
686,1167,mattbatman,0.025,0.0,0.025
687,1166,spootze,0.025,0.0,0.025
688,1165,kornelski,0.025,0.0,0.025
689,1145,ihello-world,0.025,0.0,0.025
690,1144,c0b,0.025,0.0,0.025
691,1143,GixPix,0.025,0.0,0.025
692,1142,sali1982,0.025,0.0,0.025
693,1123,Mr0grog,0.025,0.0,0.025
694,1122,rohanpai,0.025,0.0,0.025
695,1121,interstar,0.025,0.0,0.025
696,1120,vikasinnoeye,0.025,0.0,0.025
697,1119,MajorTennis,0.025,0.0,0.025
698,1118,wal0x,0.025,0.0,0.025
699,1117,mikemoreira,0.025,0.0,0.025
700,1116,kalimuthu123,0.025,0.0,0.025
701,1115,sefakilic,0.025,0.0,0.025
702,1114,madd512,0.025,0.0,0.025
703,1113,jarrettmeyer,0.025,0.0,0.025
704,1112,kfei,0.025,0.0,0.025
705,1111,Anmo,0.025,0.0,0.025
706,1110,joudy84,0.025,0.0,0.025
707,1109,satishwaghela,0.025,0.0,0.025
708,1124,coolcorexix,0.025,0.0,0.025
709,1125,benelot,0.025,0.0,0.025
710,1126,Badri-Tib,0.025,0.0,0.025
711,1135,BeAce,0.025,0.0,0.025
712,1141,jt4000,0.025,0.0,0.025
713,1140,jothipandiyanjp,0.025,0.0,0.025
714,1139,chumo,0.025,0.0,0.025
715,1138,vichido,0.025,0.0,0.025
716,1137,danse,0.025,0.0,0.025
717,1136,ironsides24,0.025,0.0,0.025
718,1134,wudashuaige,0.025,0.0,0.025
719,1127,salomvary,0.025,0.0,0.025
720,1133,clarkus978,0.025,0.0,0.025
721,1132,richww,0.025,0.0,0.025
722,1131,zackd,0.025,0.0,0.025
723,1130,secnodev,0.025,0.0,0.025
724,1129,amcdnl,0.025,0.0,0.025
725,1128,sibnerian,0.025,0.0,0.025
726,729,moneytree-doug,0.025,0.0,0.025
727,727,silviocacamo,0.025,0.0,0.025
728,120,jgalb,0.1,0.0,0.1
729,327,w-p,0.05,0.0,0.05
730,325,palrogg,0.05,0.0,0.05
731,324,waldyrious,0.05,0.0,0.05
732,323,sarkisben,0.05,0.0,0.05
733,322,alexmuro,0.05,0.0,0.05
734,321,souravbadami,0.05,0.0,0.05
735,320,templth,0.05,0.0,0.05
736,319,clcpolevaulter,0.05,0.0,0.05
737,318,callumlocke,0.05,0.0,0.05
738,317,zhangyuanliang,0.05,0.0,0.05
739,316,solgarius,0.05,0.0,0.05
740,315,vanboom,0.05,0.0,0.05
741,314,yppeaxy,0.05,0.0,0.05
742,313,Joshfindit,0.05,0.0,0.05
743,312,syedaatif,0.05,0.0,0.05
744,311,ValentinH,0.05,0.0,0.05
745,326,shegde4,0.05,0.0,0.05
746,328,garrilla,0.05,0.0,0.05
747,309,javieranton-zz,0.05,0.0,0.05
748,329,cscheid,0.05,0.0,0.05
749,344,klokoy,0.05,0.0,0.05
750,343,alpeshgaglani,0.05,0.0,0.05
751,342,matheusramos,0.05,0.0,0.05
752,341,gtb104,0.05,0.0,0.05
753,340,briantjacobs,0.05,0.0,0.05
754,339,mxmason,0.05,0.0,0.05
755,338,milheiros,0.05,0.0,0.05
756,337,e-kaya,0.05,0.0,0.05
757,336,cliveb,0.05,0.0,0.05
758,335,nicthemighty,0.05,0.0,0.05
759,334,sokra,0.05,0.0,0.05
760,333,courtagenjim,0.05,0.0,0.05
761,332,novtor,0.05,0.0,0.05
762,331,dgerber,0.05,0.0,0.05
763,330,pkra,0.05,0.0,0.05
764,310,int64ago,0.05,0.0,0.05
765,308,RobertFr0st,0.05,0.0,0.05
766,346,marcofugaro,0.05,0.0,0.05
767,289,pwiecz,0.05,0.0,0.05
768,287,dylanmac,0.05,0.0,0.05
769,286,brzpegasus,0.05,0.0,0.05
770,285,BIGD87,0.05,0.0,0.05
771,284,lababidi,0.05,0.0,0.05
772,283,cssherry,0.05,0.0,0.05
773,282,ychzr,0.05,0.0,0.05
774,281,JohnGilmore100,0.05,0.0,0.05
775,280,diarecorte,0.05,0.0,0.05
776,279,deepeshnaik,0.05,0.0,0.05
777,278,SylvainCorlay,0.05,0.0,0.05
778,277,awaisaltaf,0.05,0.0,0.05
779,276,cloudching,0.05,0.0,0.05
780,275,sebastian0x00,0.05,0.0,0.05
781,274,ccprog,0.05,0.0,0.05
782,273,MarkPieszak,0.05,0.0,0.05
783,288,afanasy,0.05,0.0,0.05
784,290,sheldon-white,0.05,0.0,0.05
785,307,TomiS,0.05,0.0,0.05
786,291,yoonghm,0.05,0.0,0.05
787,306,zjqqayuukitan,0.05,0.0,0.05
788,305,LeeGDavis,0.05,0.0,0.05
789,304,qodbtn41,0.05,0.0,0.05
790,303,nielsheeren,0.05,0.0,0.05
791,302,ftrotter,0.05,0.0,0.05
792,301,jakerichan,0.05,0.0,0.05
793,300,ccyzz,0.05,0.0,0.05
794,299,nani3105,0.05,0.0,0.05
795,298,seet61,0.05,0.0,0.05
796,297,drimacus182,0.05,0.0,0.05
797,296,aeschylus,0.05,0.0,0.05
798,295,Coca-code,0.05,0.0,0.05
799,294,stripathix,0.05,0.0,0.05
800,293,mindspank,0.05,0.0,0.05
801,292,targumon,0.05,0.0,0.05
802,345,macduy,0.05,0.0,0.05
803,347,fortooon,0.05,0.0,0.05
804,271,16am,0.05,0.0,0.05
805,403,sebamarynissen,0.05,0.0,0.05
806,401,heboliufengjie,0.05,0.0,0.05
807,400,greg0ire,0.05,0.0,0.05
808,399,Tzaphkiel,0.05,0.0,0.05
809,398,rmadsen,0.05,0.0,0.05
810,397,Gbeschbacher,0.05,0.0,0.05
811,396,desmeit,0.05,0.0,0.05
812,395,devbubba,0.05,0.0,0.05
813,394,cvkline,0.05,0.0,0.05
814,393,wangzi6578,0.05,0.0,0.05
815,392,jfrickson,0.05,0.0,0.05
816,391,gaitat,0.05,0.0,0.05
817,390,3gwebtrain,0.05,0.0,0.05
818,389,winder520,0.05,0.0,0.05
819,388,Eclogesh,0.05,0.0,0.05
820,387,scarlettlee,0.05,0.0,0.05
821,402,magicmathmandarin,0.05,0.0,0.05
822,404,MSadir,0.05,0.0,0.05
823,385,zdl361,0.05,0.0,0.05
824,405,yosiasz,0.05,0.0,0.05
825,420,rbyte,0.05,0.0,0.05
826,419,aflext,0.05,0.0,0.05
827,418,albertosantini,0.05,0.0,0.05
828,417,idan,0.05,0.0,0.05
829,416,romanrdgz,0.05,0.0,0.05
830,415,dandelany,0.05,0.0,0.05
831,414,estradamarkie,0.05,0.0,0.05
832,413,nickschurch,0.05,0.0,0.05
833,412,cihadturhan,0.05,0.0,0.05
834,411,aendrew,0.05,0.0,0.05
835,410,FGasper,0.05,0.0,0.05
836,409,flowercat07,0.05,0.0,0.05
837,408,dcleao,0.05,0.0,0.05
838,407,caravinden,0.05,0.0,0.05
839,406,raybellis,0.05,0.0,0.05
840,386,missingdays,0.05,0.0,0.05
841,384,chrismp,0.05,0.0,0.05
842,348,symes1,0.05,0.0,0.05
843,365,amrit-kumar,0.05,0.0,0.05
844,363,jbilcke,0.05,0.0,0.05
845,362,seedhisadak,0.05,0.0,0.05
846,361,sergeykish,0.05,0.0,0.05
847,360,backspaces,0.05,0.0,0.05
848,359,ha8012,0.05,0.0,0.05
849,358,hdevalence,0.05,0.0,0.05
850,357,erichulburd,0.05,0.0,0.05
851,356,jagthebeetle,0.05,0.0,0.05
852,355,fran-pena,0.05,0.0,0.05
853,354,mcinano,0.05,0.0,0.05
854,353,yay,0.05,0.0,0.05
855,352,virus-warnning,0.05,0.0,0.05
856,351,1wheel,0.05,0.0,0.05
857,350,nicksrandall,0.05,0.0,0.05
858,349,thomassuckow,0.05,0.0,0.05
859,364,mariomara,0.05,0.0,0.05
860,366,epelc,0.05,0.0,0.05
861,383,QuinnLee,0.05,0.0,0.05
862,367,jpommerening,0.05,0.0,0.05
863,382,pierrelang,0.05,0.0,0.05
864,381,jonashaag,0.05,0.0,0.05
865,380,Bertg,0.05,0.0,0.05
866,379,zelator29,0.05,0.0,0.05
867,378,kane2266,0.05,0.0,0.05
868,377,danez,0.05,0.0,0.05
869,376,ghyatzo,0.05,0.0,0.05
870,375,methikas,0.05,0.0,0.05
871,374,cesarpachon,0.05,0.0,0.05
872,373,eseifert,0.05,0.0,0.05
873,372,rpinquie,0.05,0.0,0.05
874,371,jamesthurley,0.05,0.0,0.05
875,370,pdlarue,0.05,0.0,0.05
876,369,frommm,0.05,0.0,0.05
877,368,dragosrususv,0.05,0.0,0.05
878,272,alex88,0.05,0.0,0.05
879,270,rcchen,0.05,0.0,0.05
880,422,meva86,0.05,0.0,0.05
881,175,avipersin,0.075,0.0,0.075
882,173,powersparks,0.075,0.0,0.075
883,172,tapan-d-thakkar,0.075,0.0,0.075
884,171,minayko,0.075,0.0,0.075
885,170,zhicheng22,0.075,0.0,0.075
886,169,vp2177,0.075,0.0,0.075
887,168,Fallenstedt,0.075,0.0,0.075
888,167,hussamhazim0,0.075,0.0,0.075
889,166,sbromberger,0.075,0.0,0.075
890,165,reviewher,0.075,0.0,0.075
891,164,malissa,0.075,0.0,0.075
892,163,lokesh005,0.075,0.0,0.075
893,162,gaelicmichael,0.075,0.0,0.075
894,161,mhelvens,0.075,0.0,0.075
895,160,ccoenen,0.075,0.0,0.075
896,159,idubinskiy,0.075,0.0,0.075
897,174,severo,0.075,0.0,0.075
898,176,rbhalla,0.075,0.0,0.075
899,157,Arkadiy292,0.075,0.0,0.075
900,177,IftachSadeh,0.075,0.0,0.075
901,192,ResidentMario,0.075,0.0,0.075
902,191,skipjack,0.075,0.0,0.075
903,190,n1cho1as,0.075,0.0,0.075
904,189,mitchagile,0.075,0.0,0.075
905,188,FRadice1977,0.075,0.0,0.075
906,187,janwillemtulp,0.075,0.0,0.075
907,186,Petah,0.075,0.0,0.075
908,185,slurmulon,0.075,0.0,0.075
909,184,gutweniger,0.075,0.0,0.075
910,183,Chris-Andrews,0.075,0.0,0.075
911,182,artzub,0.075,0.0,0.075
912,181,gka,0.075,0.0,0.075
913,180,mef,0.075,0.0,0.075
914,179,hanfeisun,0.075,0.0,0.075
915,178,jfsiii,0.075,0.0,0.075
916,158,coderextreme,0.075,0.0,0.075
917,156,vylan,0.075,0.0,0.075
918,194,TWiStErRob,0.075,0.0,0.075
919,137,neuquen,0.1,0.0,0.1
920,135,fridaymeng,0.1,0.0,0.1
921,134,yairEO,0.1,0.0,0.1
922,133,chrisprice,0.1,0.0,0.1
923,132,mikeazo,0.1,0.0,0.1
924,131,albell,0.1,0.0,0.1
925,130,angieskazka,0.1,0.0,0.1
926,129,ljani,0.1,0.0,0.1
927,128,jwforres,0.1,0.0,0.1
928,127,TrySound,0.1,0.0,0.1
929,126,tungs,0.1,0.0,0.1
930,125,pallosp,0.1,0.0,0.1
931,124,boxersir,0.1,0.0,0.1
932,123,hzoo,0.1,0.0,0.1
933,122,vendethiel,0.1,0.0,0.1
934,121,lse123,0.1,0.0,0.1
935,136,wytrych,0.1,0.0,0.1
936,118,hijiangtao,0.1,0.0,0.1
937,155,hughes,0.075,0.0,0.075
938,117,martgnz,0.1,0.0,0.1
939,154,dwadelson,0.075,0.0,0.075
940,153,JabbyPanda,0.075,0.0,0.075
941,152,ming-codes,0.075,0.0,0.075
942,151,AppleXiao1995,0.075,0.0,0.075
943,150,ShamanWay,0.075,0.0,0.075
944,149,stevevaius,0.075,0.0,0.075
945,148,jfarid27,0.075,0.0,0.075
946,147,vanquang9387,0.075,0.0,0.075
947,146,greyman888,0.075,0.0,0.075
948,145,maurice-schleussinger,0.075,0.0,0.075
949,144,eric-poitras,0.075,0.0,0.075
950,143,unstephenk,0.075,0.0,0.075
951,142,wassx,0.075,0.0,0.075
952,141,pemrouz,0.075,0.0,0.075
953,140,ccorcos,0.075,0.0,0.075
954,193,fenixsolorzano,0.075,0.0,0.075
955,195,patagoniahiker,0.075,0.0,0.075
956,269,rajgoel,0.05,0.0,0.05
957,104,tianxuzhang,0.1,0.0,0.1
958,106,sarfrajimpinge,0.1,0.0,0.1
959,107,bobiblazeski,0.1,0.0,0.1
960,108,herrvigg,0.1,0.0,0.1
961,109,geekplux,0.1,0.0,0.1
962,110,lebolo,0.1,0.0,0.1
963,111,puppeteer701,0.1,0.0,0.1
964,112,cie,0.1,0.0,0.1
965,113,domoritz,0.1,0.0,0.1
966,114,vbabenko,0.1,0.0,0.1
967,115,jgladch,0.1,0.0,0.1
968,116,clayzermk1,0.1,0.0,0.1
969,238,Huang9495,0.075,0.0,0.075
970,237,david-a-wheeler,0.075,0.0,0.075
971,236,mmase,0.075,0.0,0.075
972,235,vijayakumarmariyappan,0.075,0.0,0.075
973,105,jarib,0.1,0.0,0.1
974,103,sachi-d,0.1,0.0,0.1
975,233,Fannon,0.075,0.0,0.075
976,102,collioud,0.1,0.0,0.1
977,268,powerdev0510,0.05,0.0,0.05
978,267,gbarchik,0.05,0.0,0.05
979,266,bgth,0.05,0.0,0.05
980,265,wolfgangvonludwigsburg,0.05,0.0,0.05
981,264,SeanMGonzalez,0.05,0.0,0.05
982,263,mightymercado,0.05,0.0,0.05
983,262,Stamper-repo,0.05,0.0,0.05
984,261,edmorley,0.05,0.0,0.05
985,260,kodonnell,0.05,0.0,0.05
986,259,vessenes,0.05,0.0,0.05
987,258,majames,0.05,0.0,0.05
988,257,monomon,0.05,0.0,0.05
989,99,jamesleesaunders,0.1,0.0,0.1
990,100,UlTriX,0.1,0.0,0.1
991,101,voltcode,0.1,0.0,0.1
992,234,whatwehaveunlearned,0.075,0.0,0.075
993,232,dzhang55,0.075,0.0,0.075
994,196,MatrixFrog,0.075,0.0,0.075
995,213,Flocksserver,0.075,0.0,0.075
996,211,lubomirov,0.075,0.0,0.075
997,210,JesperWe,0.075,0.0,0.075
998,209,chrisvfritz,0.075,0.0,0.075
999,208,p-hebert,0.075,0.0,0.075
1000,207,apfelbox,0.075,0.0,0.075
1001,206,ZenGhost,0.075,0.0,0.075
1002,205,DannyArends,0.075,0.0,0.075
1003,204,smoyth,0.075,0.0,0.075
1004,203,schirrel,0.075,0.0,0.075
1005,202,akbansal,0.075,0.0,0.075
1006,201,SandHilt,0.075,0.0,0.075
1007,200,Avien,0.075,0.0,0.075
1008,199,Herst,0.075,0.0,0.075
1009,198,jchlapinski,0.075,0.0,0.075
1010,197,rousan,0.075,0.0,0.075
1011,212,tuuling,0.075,0.0,0.075
1012,214,jfrazier,0.075,0.0,0.075
1013,231,runningbar,0.075,0.0,0.075
1014,215,musesum,0.075,0.0,0.075
1015,230,aubergene,0.075,0.0,0.075
1016,229,RemilaAntony,0.075,0.0,0.075
1017,228,frontconnect,0.075,0.0,0.075
1018,227,paralin,0.075,0.0,0.075
1019,226,KamilSzot,0.075,0.0,0.075
1020,225,sundylink,0.075,0.0,0.075
1021,224,scotthmurray,0.075,0.0,0.075
1022,223,DaSchTour,0.075,0.0,0.075
1023,222,arbalenirmala,0.075,0.0,0.075
1024,221,alexjlockwood,0.075,0.0,0.075
1025,220,magjac,0.075,0.0,0.075
1026,219,danathurston,0.075,0.0,0.075
1027,218,benknight,0.075,0.0,0.075
1028,217,bryanculver,0.075,0.0,0.075
1029,216,stnor,0.075,0.0,0.075
1030,421,jcorreia,0.05,0.0,0.05
1031,423,floledermann,0.05,0.0,0.05
1032,726,NeonGraal,0.025,0.0,0.025
1033,632,axelson,0.025,0.0,0.025
1034,630,rizatufan,0.025,0.0,0.025
1035,629,anushamramyam,0.025,0.0,0.025
1036,628,davidadamhancock,0.025,0.0,0.025
1037,627,jvhouten,0.025,0.0,0.025
1038,626,atpyatt,0.025,0.0,0.025
1039,625,alemarre,0.025,0.0,0.025
1040,624,raees,0.025,0.0,0.025
1041,623,tenedor,0.025,0.0,0.025
1042,622,techtonik,0.025,0.0,0.025
1043,621,adambom,0.025,0.0,0.025
1044,620,Anonyfox,0.025,0.0,0.025
1045,619,sanjeevpande,0.025,0.0,0.025
1046,618,matthewmueller,0.025,0.0,0.025
1047,617,daveyostcom,0.025,0.0,0.025
1048,616,zefrog,0.025,0.0,0.025
1049,631,teetotum,0.025,0.0,0.025
1050,633,PascalUlor,0.025,0.0,0.025
1051,614,hassanfarahani,0.025,0.0,0.025
1052,634,michaelkaplanworkday,0.025,0.0,0.025
1053,649,xswei,0.025,0.0,0.025
1054,648,tedberg,0.025,0.0,0.025
1055,647,egucciar,0.025,0.0,0.025
1056,646,herrstucki,0.025,0.0,0.025
1057,645,keithng,0.025,0.0,0.025
1058,644,vishranti5,0.025,0.0,0.025
1059,643,vanderleisp,0.025,0.0,0.025
1060,642,JoostvDoorn,0.025,0.0,0.025
1061,641,tracycollins,0.025,0.0,0.025
1062,640,anlexN,0.025,0.0,0.025
1063,639,huned,0.025,0.0,0.025
1064,638,danaAtmeh,0.025,0.0,0.025
1065,637,tlee13,0.025,0.0,0.025
1066,636,fogfish,0.025,0.0,0.025
1067,635,vigorousnorth,0.025,0.0,0.025
1068,615,shyamalschandra,0.025,0.0,0.025
1069,613,amZotti,0.025,0.0,0.025
1070,651,ry4nguera,0.025,0.0,0.025
1071,594,GregBee2,0.025,0.0,0.025
1072,592,cooljig89,0.025,0.0,0.025
1073,591,miyconst,0.025,0.0,0.025
1074,590,petulla,0.025,0.0,0.025
1075,589,Bringer128,0.025,0.0,0.025
1076,588,clschnei,0.025,0.0,0.025
1077,587,Samuel1989,0.025,0.0,0.025
1078,586,kanitw,0.025,0.0,0.025
1079,585,knives02,0.025,0.0,0.025
1080,584,jbaicoianu,0.025,0.0,0.025
1081,583,Ta4i,0.025,0.0,0.025
1082,582,michaelcrubenstein,0.025,0.0,0.025
1083,581,Anima18,0.025,0.0,0.025
1084,580,idibidiart,0.025,0.0,0.025
1085,579,tvictory,0.025,0.0,0.025
1086,578,CuriousG102,0.025,0.0,0.025
1087,593,mgalloue,0.025,0.0,0.025
1088,595,atonb117,0.025,0.0,0.025
1089,612,jackhardin,0.025,0.0,0.025
1090,596,chaoteng,0.025,0.0,0.025
1091,611,balint42,0.025,0.0,0.025
1092,610,trevithj,0.025,0.0,0.025
1093,609,thalissonns,0.025,0.0,0.025
1094,608,rogeralexmiller,0.025,0.0,0.025
1095,607,sebastiankr,0.025,0.0,0.025
1096,606,jsheperd,0.025,0.0,0.025
1097,605,IonDen,0.025,0.0,0.025
1098,604,wufeihuang,0.025,0.0,0.025
1099,603,mourner,0.025,0.0,0.025
1100,602,klinki,0.025,0.0,0.025
1101,601,HarikrishnaVemula,0.025,0.0,0.025
1102,600,mikroware,0.025,0.0,0.025
1103,599,ericmiao,0.025,0.0,0.025
1104,598,cfergus,0.025,0.0,0.025
1105,597,dschwank,0.025,0.0,0.025
1106,650,sorn00,0.025,0.0,0.025
1107,652,mslevin,0.025,0.0,0.025
1108,576,alexander-daniel,0.025,0.0,0.025
1109,708,Kpieleh,0.025,0.0,0.025
1110,706,mchinosi,0.025,0.0,0.025
1111,705,milospanasiuk,0.025,0.0,0.025
1112,704,SufyanRamzan,0.025,0.0,0.025
1113,703,monfera,0.025,0.0,0.025
1114,702,skibulk,0.025,0.0,0.025
1115,701,martingraham,0.025,0.0,0.025
1116,700,Brozerker,0.025,0.0,0.025
1117,699,somasatish,0.025,0.0,0.025
1118,698,jasonmerry,0.025,0.0,0.025
1119,697,KathyReid,0.025,0.0,0.025
1120,696,ywarnier,0.025,0.0,0.025
1121,695,cv711,0.025,0.0,0.025
1122,694,turquoiseowl,0.025,0.0,0.025
1123,693,ramseyfeng,0.025,0.0,0.025
1124,692,mgetz,0.025,0.0,0.025
1125,707,radbrawler,0.025,0.0,0.025
1126,709,gracelinmumu,0.025,0.0,0.025
1127,690,roydondsouza,0.025,0.0,0.025
1128,710,frank-dspeed,0.025,0.0,0.025
1129,725,pixelhijack,0.025,0.0,0.025
1130,724,aabm00,0.025,0.0,0.025
1131,723,k-i-m,0.025,0.0,0.025
1132,722,kjcole,0.025,0.0,0.025
1133,721,jchamberlain,0.025,0.0,0.025
1134,720,sathomas,0.025,0.0,0.025
1135,719,dabwali,0.025,0.0,0.025
1136,718,cpbotha,0.025,0.0,0.025
1137,717,mijamo,0.025,0.0,0.025
1138,716,nukadelic,0.025,0.0,0.025
1139,715,MihaiB,0.025,0.0,0.025
1140,714,crina27,0.025,0.0,0.025
1141,713,alanvanbuuren,0.025,0.0,0.025
1142,712,Umesh-Markande,0.025,0.0,0.025
1143,711,lynaghk,0.025,0.0,0.025
1144,691,razh,0.025,0.0,0.025
1145,689,ferlores,0.025,0.0,0.025
1146,653,bluong,0.025,0.0,0.025
1147,670,testn,0.025,0.0,0.025
1148,64,Klortho,0.15,0.0,0.15
1149,667,Kelt,0.025,0.0,0.025
1150,666,milroc,0.025,0.0,0.025
1151,665,Ntropish,0.025,0.0,0.025
1152,664,almshahyr,0.025,0.0,0.025
1153,663,lnollet,0.025,0.0,0.025
1154,662,nadrees,0.025,0.0,0.025
1155,661,Jahans3,0.025,0.0,0.025
1156,660,GitNoise,0.025,0.0,0.025
1157,659,dashesy,0.025,0.0,0.025
1158,658,EE2dev,0.025,0.0,0.025
1159,657,gabrielrtakeda,0.025,0.0,0.025
1160,656,carpiediem,0.025,0.0,0.025
1161,655,nattynatty,0.025,0.0,0.025
1162,654,alexc101,0.025,0.0,0.025
1163,669,macalinao,0.025,0.0,0.025
1164,671,canibanoglu,0.025,0.0,0.025
1165,688,stvno,0.025,0.0,0.025
1166,672,Agilulfo1820,0.025,0.0,0.025
1167,687,Pascal66,0.025,0.0,0.025
1168,686,Daijobou,0.025,0.0,0.025
1169,685,mygnu,0.025,0.0,0.025
1170,684,zhangyin-github,0.025,0.0,0.025
1171,683,stt106,0.025,0.0,0.025
1172,682,esjewett,0.025,0.0,0.025
1173,681,jakefoster,0.025,0.0,0.025
1174,680,connor11528,0.025,0.0,0.025
1175,679,03t02,0.025,0.0,0.025
1176,678,muan,0.025,0.0,0.025
1177,677,arfath261,0.025,0.0,0.025
1178,676,rhubner,0.025,0.0,0.025
1179,675,sandysaders,0.025,0.0,0.025
1180,674,scheung38,0.025,0.0,0.025
1181,673,easleydp,0.025,0.0,0.025
1182,577,leishman,0.025,0.0,0.025
1183,575,kumar31rajesh,0.025,0.0,0.025
1184,424,erosenberg,0.05,0.0,0.05
1185,479,mattma,0.05,0.0,0.05
1186,477,inctor,0.05,0.0,0.05
1187,476,varghesep,0.05,0.0,0.05
1188,475,CaitlinWeb,0.05,0.0,0.05
1189,474,xgrommx,0.05,0.0,0.05
1190,473,jmbut,0.05,0.0,0.05
1191,472,pygy,0.05,0.0,0.05
1192,471,Wombatpm,0.05,0.0,0.05
1193,470,kraf,0.05,0.0,0.05
1194,469,shikhaagrawal23,0.05,0.0,0.05
1195,468,lgrkvst,0.05,0.0,0.05
1196,467,monte-hayward,0.05,0.0,0.05
1197,466,0x0006e,0.05,0.0,0.05
1198,465,psmod2,0.05,0.0,0.05
1199,464,sean-mystyle,0.05,0.0,0.05
1200,463,bsideup,0.05,0.0,0.05
1201,478,zzyou,0.05,0.0,0.05
1202,480,manskill,0.05,0.0,0.05
1203,461,ebengtso,0.05,0.0,0.05
1204,481,josheigel,0.05,0.0,0.05
1205,496,julienfr112,0.05,0.0,0.05
1206,495,HectorLS,0.05,0.0,0.05
1207,494,crapthings,0.05,0.0,0.05
1208,493,boucains,0.05,0.0,0.05
1209,492,amalitsky,0.05,0.0,0.05
1210,491,JVAdams,0.05,0.0,0.05
1211,490,juandasgandaras,0.05,0.0,0.05
1212,489,alanshaw,0.05,0.0,0.05
1213,488,wwg88888888,0.05,0.0,0.05
1214,487,tomkur,0.05,0.0,0.05
1215,486,burner986,0.05,0.0,0.05
1216,485,acostaf,0.05,0.0,0.05
1217,484,markvital,0.05,0.0,0.05
1218,483,jiywang3,0.05,0.0,0.05
1219,482,zhaizhengqing,0.05,0.0,0.05
1220,462,holidaying,0.05,0.0,0.05
1221,460,dang2906,0.05,0.0,0.05
1222,498,jrauschenbusch,0.05,0.0,0.05
1223,441,fairglu,0.05,0.0,0.05
1224,439,tweinfeld,0.05,0.0,0.05
1225,438,tatsujb,0.05,0.0,0.05
1226,437,sbj42,0.05,0.0,0.05
1227,436,ezyang,0.05,0.0,0.05
1228,435,oshikryu,0.05,0.0,0.05
1229,434,wfortin,0.05,0.0,0.05
1230,433,ErikOnBike,0.05,0.0,0.05
1231,432,joshburgess,0.05,0.0,0.05
1232,431,derrickpelletier,0.05,0.0,0.05
1233,430,rakesh5085,0.05,0.0,0.05
1234,429,rasmuse,0.05,0.0,0.05
1235,428,vmikeska,0.05,0.0,0.05
1236,427,Jaspur,0.05,0.0,0.05
1237,426,supnate,0.05,0.0,0.05
1238,425,dalisoft,0.05,0.0,0.05
1239,440,andresgutgon,0.05,0.0,0.05
1240,442,albertoforni,0.05,0.0,0.05
1241,459,bddicken,0.05,0.0,0.05
1242,443,portante,0.05,0.0,0.05
1243,458,danieldram,0.05,0.0,0.05
1244,457,fheidrich,0.05,0.0,0.05
1245,456,scottdurow,0.05,0.0,0.05
1246,455,wayx,0.05,0.0,0.05
1247,454,1oglop1,0.05,0.0,0.05
1248,453,joshnabbott,0.05,0.0,0.05
1249,452,danzek,0.05,0.0,0.05
1250,451,doganmeh,0.05,0.0,0.05
1251,450,caleeky,0.05,0.0,0.05
1252,449,johncna,0.05,0.0,0.05
1253,448,znicholasbrown,0.05,0.0,0.05
1254,447,sintylapse,0.05,0.0,0.05
1255,446,zpydee,0.05,0.0,0.05
1256,445,ApolloTang,0.05,0.0,0.05
1257,444,int-ua,0.05,0.0,0.05
1258,497,jupiterkenji,0.05,0.0,0.05
1259,499,benjamingr,0.05,0.0,0.05
1260,574,lincal4wlf,0.025,0.0,0.025
1261,556,ravivit9,0.025,0.0,0.025
1262,66,timiyay,0.15,0.0,0.15
1263,67,kirill-ch,0.15,0.0,0.15
1264,72,Monduiz,0.125,0.0,0.125
1265,73,abergenw,0.125,0.0,0.125
1266,74,stof,0.125,0.0,0.125
1267,75,pokeball99,0.125,0.0,0.125
1268,76,chovy,0.125,0.0,0.125
1269,77,mlehmann,0.125,0.0,0.125
1270,78,jrgleason,0.125,0.0,0.125
1271,79,hugolpz,0.125,0.0,0.125
1272,80,goyaltushar92,0.125,0.0,0.125
1273,81,pulkitnandan,0.125,0.0,0.125
1274,82,langdonx,0.125,0.0,0.125
1275,83,kwhitaker,0.125,0.0,0.125
1276,84,mootari,0.125,0.0,0.125
1277,65,dustinshackley,0.15,0.0,0.15
1278,557,peller,0.025,0.0,0.025
1279,92,spyrostheodoridis,0.1,0.0,0.1
1280,558,rnaka530,0.025,0.0,0.025
1281,573,joseacti,0.025,0.0,0.025
1282,572,PaulBrinkley,0.025,0.0,0.025
1283,571,romsson,0.025,0.0,0.025
1284,570,adonomay,0.025,0.0,0.025
1285,569,ebdavison,0.025,0.0,0.025
1286,568,yshahin,0.025,0.0,0.025
1287,567,olegkotliarsky,0.025,0.0,0.025
1288,566,uu1101,0.025,0.0,0.025
1289,565,lordplagus02,0.025,0.0,0.025
1290,564,Lbousa38,0.025,0.0,0.025
1291,563,duhaime,0.025,0.0,0.025
1292,562,richiepreece,0.025,0.0,0.025
1293,561,AshCoolman,0.025,0.0,0.025
1294,560,karlew,0.025,0.0,0.025
1295,559,NareshKukreti12,0.025,0.0,0.025
1296,85,jomaxx,0.125,0.0,0.125
1297,93,coli,0.1,0.0,0.1
1298,500,bishop335,0.05,0.0,0.05
1299,517,srogljan,0.05,0.0,0.05
1300,515,ellensteinburger,0.05,0.0,0.05
1301,514,mminer,0.05,0.0,0.05
1302,513,mdcfrancis,0.05,0.0,0.05
1303,512,israelst,0.05,0.0,0.05
1304,511,tj,0.05,0.0,0.05
1305,510,RudolfHattenkofer,0.05,0.0,0.05
1306,509,norangit,0.05,0.0,0.05
1307,508,raziellight,0.05,0.0,0.05
1308,507,orpheus92,0.05,0.0,0.05
1309,506,PaulineBock,0.05,0.0,0.05
1310,505,mvsrinivasan,0.05,0.0,0.05
1311,504,redsofa,0.05,0.0,0.05
1312,503,GopherJ,0.05,0.0,0.05
1313,502,o-matsuo,0.05,0.0,0.05
1314,501,eriksunsol,0.05,0.0,0.05
1315,516,fholzer,0.05,0.0,0.05
1316,518,lgpage,0.05,0.0,0.05
1317,94,minuscorp,0.1,0.0,0.1
1318,519,SaadAhmedSiddiqui,0.05,0.0,0.05
1319,95,sebadom,0.1,0.0,0.1
1320,96,bhollan,0.1,0.0,0.1
1321,97,CrowdHailer,0.1,0.0,0.1
1322,98,aapoalas,0.1,0.0,0.1
1323,530,charlieartist,0.05,0.0,0.05
1324,529,quantbo,0.05,0.0,0.05
1325,528,airandfingers,0.05,0.0,0.05
1326,527,WORMSS,0.05,0.0,0.05
1327,526,seonixx,0.05,0.0,0.05
1328,525,gavelino,0.05,0.0,0.05
1329,524,partap,0.05,0.0,0.05
1330,523,miguelmota,0.05,0.0,0.05
1331,522,jeremysmitherman,0.05,0.0,0.05
1332,521,danielverejan,0.05,0.0,0.05
1333,520,Prashanth-Nelli,0.05,0.0,0.05
1334,668,c0by,0.025,0.0,0.025
