name,merged_at
Fil,2020-08-26 20:38:10+00:00
Fil,2020-08-26 21:34:57+00:00
mbostock,2019-09-25 05:15:43+00:00
mbostock,2018-08-29 20:05:38+00:00
mbostock,2019-01-19 16:22:11+00:00
mbostock,2018-05-03 13:18:18+00:00
mbostock,2018-01-18 19:48:05+00:00
mbostock,2017-10-02 17:09:00+00:00
mbostock,2017-03-22 15:38:04+00:00
mbostock,2017-02-15 22:32:51+00:00
mbostock,2017-01-26 18:02:36+00:00
mbostock,2016-11-22 17:11:08+00:00
mbostock,2016-11-04 14:56:38+00:00
mbostock,2016-09-19 20:43:03+00:00
mbostock,2016-08-30 19:25:48+00:00
mbostock,2016-07-26 20:30:38+00:00
mbostock,2016-07-23 11:33:25+00:00
mbostock,2016-07-18 18:55:22+00:00
mbostock,2016-07-13 23:44:59+00:00
mbostock,2016-07-01 13:59:51+00:00
mbostock,2016-06-27 18:28:46+00:00
mbostock,2016-06-13 18:40:06+00:00
mbostock,2016-06-13 18:29:42+00:00
mbostock,2016-04-20 14:19:57+00:00
mbostock,2016-05-05 00:30:20+00:00
mbostock,2016-01-11 23:37:16+00:00
mbostock,2015-12-14 19:17:06+00:00
mbostock,2015-11-30 02:40:19+00:00
mbostock,2015-11-16 16:02:57+00:00
mbostock,2015-11-10 16:34:40+00:00
mbostock,2015-10-25 22:20:05+00:00
mbostock,2015-10-26 03:10:53+00:00
mbostock,2015-10-24 15:57:54+00:00
mbostock,2015-11-10 03:58:11+00:00
mbostock,2015-10-21 17:09:30+00:00
mbostock,2016-02-11 20:03:20+00:00
mbostock,2015-10-21 17:51:23+00:00
mbostock,2015-05-19 14:40:12+00:00
mbostock,2015-07-04 03:03:48+00:00
mbostock,2015-10-21 18:44:02+00:00
mbostock,2015-07-04 03:03:47+00:00
mbostock,2015-07-04 03:03:47+00:00
mbostock,2015-04-06 22:28:16+00:00
mbostock,2015-02-12 03:10:24+00:00
mbostock,2015-02-07 20:31:44+00:00
mbostock,2015-02-07 16:43:36+00:00
jasondavies,2015-01-26 09:15:18+00:00
mbostock,2015-02-07 16:46:43+00:00
mbostock,2015-02-07 18:56:17+00:00
mbostock,2015-02-08 17:21:12+00:00
mbostock,2014-07-12 06:02:22+00:00
mbostock,2013-07-01 18:12:59+00:00
mbostock,2013-05-20 17:31:41+00:00
